time,nb_sleeping,nb_switching_on,nb_switching_off,nb_idle,nb_computing
0.00240003,0,0,0,1056,96
221.002,0,0,0,656,496
280.002,0,0,0,1056,96
550.002,0,0,0,960,192
1387,0,0,0,704,448
1512,0,0,0,696,456
1609,0,0,0,704,448
5660,0,0,0,960,192
9857,0,0,0,1056,96
9864,0,0,0,1152,0
10438,0,0,0,1056,96
10527,0,0,0,1152,0
11162,0,0,0,1056,96
11917,0,0,0,960,192
13081,0,0,0,896,256
13081,0,0,0,832,320
14817,0,0,0,896,256
15255,0,0,0,960,192
20987,0,0,0,1056,96
21217,0,0,0,1152,0
32288,0,0,0,512,640
51265,0,0,0,1152,0
70933,0,0,0,1112,40
71497,0,0,0,1152,0
73778,0,0,0,896,256
73783,0,0,0,640,512
75592,0,0,0,576,576
75600,0,0,0,512,640
75605,0,0,0,448,704
75717,0,0,0,384,768
76858,0,0,0,448,704
77678,0,0,0,512,640
79132,0,0,0,576,576
79163,0,0,0,640,512
87161,0,0,0,896,256
88664,0,0,0,800,352
95712,0,0,0,792,360
95818,0,0,0,800,352
96078,0,0,0,792,360
96108,0,0,0,800,352
102480,0,0,0,704,448
102562,0,0,0,800,352
105623,0,0,0,792,360
105906,0,0,0,784,368
106503,0,0,0,776,376
109223,0,0,0,768,384
109224,0,0,0,776,376
109506,0,0,0,768,384
109507,0,0,0,776,376
110103,0,0,0,768,384
110104,0,0,0,776,376
112314,0,0,0,872,280
112823,0,0,0,864,288
112824,0,0,0,872,280
113106,0,0,0,864,288
113107,0,0,0,872,280
113703,0,0,0,864,288
113704,0,0,0,872,280
114643,0,0,0,232,920
115253,0,0,0,488,664
115396,0,0,0,232,920
116145,0,0,0,16,1136
116424,0,0,0,24,1128
116707,0,0,0,32,1120
117304,0,0,0,40,1112
117332,0,0,0,296,856
117332,0,0,0,80,1072
117332,0,0,0,16,1136
117834,0,0,0,232,920
117834,0,0,0,168,984
117834,0,0,0,104,1048
117834,0,0,0,40,1112
117834,0,0,0,32,1120
117834,0,0,0,24,1128
117834,0,0,0,16,1136
118412,0,0,0,80,1072
118931,0,0,0,144,1008
119196,0,0,0,360,792
120023,0,0,0,352,800
120306,0,0,0,344,808
120903,0,0,0,336,816
121335,0,0,0,400,752
121435,0,0,0,408,744
121435,0,0,0,416,736
121435,0,0,0,424,728
123623,0,0,0,416,736
123624,0,0,0,424,728
123853,0,0,0,488,664
123906,0,0,0,480,672
123907,0,0,0,488,664
124503,0,0,0,480,672
124504,0,0,0,488,664
127223,0,0,0,480,672
127224,0,0,0,488,664
127506,0,0,0,480,672
127507,0,0,0,488,664
127767,0,0,0,400,752
128103,0,0,0,392,760
128104,0,0,0,400,752
130823,0,0,0,392,760
130824,0,0,0,400,752
131106,0,0,0,392,760
131107,0,0,0,400,752
131367,0,0,0,312,840
131368,0,0,0,400,752
131703,0,0,0,392,760
131704,0,0,0,400,752
133243,0,0,0,1040,112
134423,0,0,0,1032,120
134424,0,0,0,1040,112
134706,0,0,0,1032,120
134707,0,0,0,1040,112
134967,0,0,0,952,200
134968,0,0,0,1040,112
135303,0,0,0,1032,120
135304,0,0,0,1040,112
138023,0,0,0,1032,120
138024,0,0,0,1040,112
138306,0,0,0,1032,120
138307,0,0,0,1040,112
138567,0,0,0,952,200
138568,0,0,0,1040,112
138903,0,0,0,1032,120
138904,0,0,0,1040,112
141623,0,0,0,1032,120
141624,0,0,0,1040,112
141761,0,0,0,912,240
141906,0,0,0,904,248
141907,0,0,0,912,240
142167,0,0,0,824,328
142168,0,0,0,912,240
142503,0,0,0,904,248
142504,0,0,0,912,240
143713,0,0,0,656,496
145223,0,0,0,648,504
145224,0,0,0,656,496
145506,0,0,0,648,504
145507,0,0,0,656,496
145767,0,0,0,568,584
145768,0,0,0,656,496
146103,0,0,0,648,504
146104,0,0,0,656,496
148823,0,0,0,648,504
148824,0,0,0,656,496
149106,0,0,0,648,504
149107,0,0,0,656,496
149367,0,0,0,568,584
149368,0,0,0,656,496
149703,0,0,0,648,504
149704,0,0,0,656,496
150717,0,0,0,664,488
151207,0,0,0,536,616
152447,0,0,0,544,608
152967,0,0,0,456,696
152968,0,0,0,544,608
153189,0,0,0,288,864
153303,0,0,0,280,872
153304,0,0,0,288,864
154145,0,0,0,544,608
154767,0,0,0,672,480
156567,0,0,0,584,568
156568,0,0,0,672,480
156903,0,0,0,664,488
156904,0,0,0,672,480
157359,0,0,0,928,224
157763,0,0,0,1056,96
160167,0,0,0,968,184
160168,0,0,0,1056,96
160399,0,0,0,1048,104
160503,0,0,0,1040,112
160504,0,0,0,1048,104
160854,0,0,0,952,200
162409,0,0,0,960,192
163767,0,0,0,872,280
163768,0,0,0,960,192
166846,0,0,0,968,184
167367,0,0,0,880,272
167368,0,0,0,968,184
170711,0,0,0,1064,88
170967,0,0,0,976,176
170968,0,0,0,1064,88
174567,0,0,0,976,176
174568,0,0,0,1064,88
175797,0,0,0,1000,152
176424,0,0,0,1064,88
177926,0,0,0,936,216
178167,0,0,0,848,304
178168,0,0,0,936,216
178257,0,0,0,808,344
181767,0,0,0,720,432
181768,0,0,0,808,344
182224,0,0,0,936,216
182653,0,0,0,1064,88
185367,0,0,0,976,176
185368,0,0,0,1064,88
186853,0,0,0,1000,152
186911,0,0,0,1064,88
188967,0,0,0,976,176
188968,0,0,0,1064,88
190760,0,0,0,1152,0
197377,0,0,0,1136,16
197430,0,0,0,1152,0
202557,0,0,0,1144,8
202597,0,0,0,1152,0
206164,0,0,0,1144,8
206651,0,0,0,1152,0
208073,0,0,0,1056,96
208164,0,0,0,1040,112
208221,0,0,0,1056,96
208313,0,0,0,1040,112
208370,0,0,0,1056,96
208589,0,0,0,1040,112
208647,0,0,0,1056,96
210742,0,0,0,992,160
211150,0,0,0,928,224
211242,0,0,0,864,288
211329,0,0,0,800,352
211406,0,0,0,736,416
211448,0,0,0,672,480
211673,0,0,0,576,576
211674,0,0,0,672,480
211687,0,0,0,736,416
211892,0,0,0,672,480
214089,0,0,0,736,416
214603,0,0,0,800,352
214850,0,0,0,864,288
215273,0,0,0,768,384
215274,0,0,0,864,288
217393,0,0,0,928,224
217475,0,0,0,992,160
217505,0,0,0,1056,96
218873,0,0,0,960,192
218874,0,0,0,1056,96
222473,0,0,0,960,192
222474,0,0,0,1056,96
226073,0,0,0,960,192
226074,0,0,0,1056,96
226096,0,0,0,928,224
229673,0,0,0,832,320
229674,0,0,0,928,224
229696,0,0,0,800,352
229697,0,0,0,928,224
233054,0,0,0,800,352
233191,0,0,0,672,480
233273,0,0,0,576,576
233274,0,0,0,672,480
233296,0,0,0,544,608
233297,0,0,0,672,480
235510,0,0,0,160,992
236791,0,0,0,32,1120
236792,0,0,0,160,992
236873,0,0,0,64,1088
236874,0,0,0,160,992
236896,0,0,0,32,1120
236897,0,0,0,160,992
238850,0,0,0,672,480
239928,0,0,0,664,488
240049,0,0,0,672,480
240391,0,0,0,544,608
240392,0,0,0,672,480
240473,0,0,0,576,576
240474,0,0,0,672,480
240496,0,0,0,544,608
240497,0,0,0,672,480
240934,0,0,0,800,352
241692,0,0,0,792,360
241876,0,0,0,800,352
242678,0,0,0,744,408
242732,0,0,0,800,352
243991,0,0,0,672,480
243992,0,0,0,800,352
244073,0,0,0,704,448
244074,0,0,0,800,352
244287,0,0,0,784,368
244329,0,0,0,800,352
244780,0,0,0,688,464
244836,0,0,0,800,352
246005,0,0,0,672,480
246093,0,0,0,800,352
247591,0,0,0,672,480
247592,0,0,0,800,352
247673,0,0,0,704,448
247674,0,0,0,800,352
247979,0,0,0,784,368
248022,0,0,0,800,352
248725,0,0,0,784,368
248774,0,0,0,800,352
248919,0,0,0,784,368
248963,0,0,0,800,352
250286,0,0,0,792,360
250327,0,0,0,800,352
250331,0,0,0,792,360
250371,0,0,0,800,352
250375,0,0,0,744,408
250418,0,0,0,800,352
250422,0,0,0,784,368
250429,0,0,0,720,432
250455,0,0,0,656,496
250463,0,0,0,672,480
250471,0,0,0,736,416
251191,0,0,0,608,544
251192,0,0,0,736,416
251273,0,0,0,640,512
251274,0,0,0,736,416
251358,0,0,0,728,424
251384,0,0,0,720,432
251409,0,0,0,712,440
251595,0,0,0,696,456
251952,0,0,0,712,440
252024,0,0,0,776,376
252161,0,0,0,712,440
252296,0,0,0,704,448
252647,0,0,0,712,440
253018,0,0,0,72,1080
253080,0,0,0,712,440
253962,0,0,0,776,376
253968,0,0,0,712,440
254147,0,0,0,720,432
254288,0,0,0,728,424
254438,0,0,0,736,416
254609,0,0,0,96,1056
254792,0,0,0,224,928
254792,0,0,0,96,1056
254873,0,0,0,0,1152
254874,0,0,0,96,1056
254910,0,0,0,160,992
255659,0,0,0,32,1120
255939,0,0,0,0,1152
256225,0,0,0,128,1024
257147,0,0,0,64,1088
257213,0,0,0,128,1024
257769,0,0,0,120,1032
257776,0,0,0,112,1040
257860,0,0,0,120,1032
258101,0,0,0,128,1024
258221,0,0,0,120,1032
258393,0,0,0,248,904
258393,0,0,0,120,1032
258473,0,0,0,24,1128
258474,0,0,0,120,1032
258546,0,0,0,128,1024
258553,0,0,0,120,1032
258856,0,0,0,128,1024
259391,0,0,0,120,1032
259623,0,0,0,128,1024
259623,0,0,0,0,1152
260195,0,0,0,128,1024
260506,0,0,0,64,1088
260651,0,0,0,128,1024
261991,0,0,0,0,1152
261994,0,0,0,128,1024
262073,0,0,0,32,1120
262074,0,0,0,128,1024
262819,0,0,0,112,1040
263039,0,0,0,48,1104
263511,0,0,0,112,1040
263663,0,0,0,128,1024
263822,0,0,0,64,1088
264890,0,0,0,0,1152
265191,0,0,0,64,1088
265553,0,0,0,56,1096
265592,0,0,0,184,968
265592,0,0,0,56,1096
265674,0,0,0,152,1000
265674,0,0,0,56,1096
266476,0,0,0,64,1088
266476,0,0,0,48,1104
266918,0,0,0,64,1088
268150,0,0,0,48,1104
268509,0,0,0,64,1088
268870,0,0,0,96,1056
269193,0,0,0,224,928
269193,0,0,0,96,1056
269273,0,0,0,0,1152
269275,0,0,0,96,1056
271197,0,0,0,192,960
271589,0,0,0,256,896
272791,0,0,0,128,1024
272794,0,0,0,256,896
272809,0,0,0,240,912
273148,0,0,0,256,896
274714,0,0,0,384,768
276047,0,0,0,256,896
277008,0,0,0,128,1024
278247,0,0,0,768,384
279484,0,0,0,896,256
280440,0,0,0,1024,128
280608,0,0,0,896,256
280609,0,0,0,1024,128
281612,0,0,0,1152,0
282713,0,0,0,936,216
282830,0,0,0,872,280
283416,0,0,0,936,216
284081,0,0,0,872,280
284618,0,0,0,1088,64
286708,0,0,0,1024,128
287629,0,0,0,960,192
288069,0,0,0,1024,128
290166,0,0,0,1088,64
290814,0,0,0,1152,0
290864,0,0,0,936,216
292090,0,0,0,872,280
292527,0,0,0,936,216
292998,0,0,0,912,240
294199,0,0,0,936,216
295313,0,0,0,1152,0
295403,0,0,0,1104,48
295794,0,0,0,1152,0
299666,0,0,0,1088,64
300595,0,0,0,1024,128
301702,0,0,0,1088,64
308093,0,0,0,1152,0
324849,0,0,0,896,256
325615,0,0,0,640,512
326904,0,0,0,896,256
333899,0,0,0,736,416
334265,0,0,0,712,440
334317,0,0,0,736,416
334928,0,0,0,672,480
337499,0,0,0,512,640
337500,0,0,0,672,480
338528,0,0,0,608,544
338529,0,0,0,672,480
341099,0,0,0,512,640
341100,0,0,0,672,480
342128,0,0,0,608,544
342129,0,0,0,672,480
344699,0,0,0,512,640
344700,0,0,0,672,480
344987,0,0,0,832,320
345728,0,0,0,768,384
345729,0,0,0,832,320
347662,0,0,0,1088,64
348013,0,0,0,1080,72
348031,0,0,0,1072,80
348044,0,0,0,1064,88
348080,0,0,0,1048,104
348096,0,0,0,1016,136
348110,0,0,0,1024,128
348118,0,0,0,1032,120
348123,0,0,0,968,184
348134,0,0,0,872,280
348143,0,0,0,880,272
348145,0,0,0,752,400
348158,0,0,0,768,384
348169,0,0,0,800,352
348192,0,0,0,864,288
348203,0,0,0,960,192
348211,0,0,0,1088,64
348331,0,0,0,832,320
348403,0,0,0,1088,64
348434,0,0,0,576,576
348528,0,0,0,1088,64
348565,0,0,0,64,1088
348673,0,0,0,1088,64
349328,0,0,0,1024,128
349329,0,0,0,1088,64
349671,0,0,0,1080,72
349682,0,0,0,1072,80
349693,0,0,0,1064,88
349704,0,0,0,1048,104
349716,0,0,0,1016,136
349729,0,0,0,952,200
349742,0,0,0,824,328
349755,0,0,0,568,584
349766,0,0,0,56,1096
349992,0,0,0,64,1088
350012,0,0,0,72,1080
350021,0,0,0,80,1072
350063,0,0,0,96,1056
350078,0,0,0,128,1024
350090,0,0,0,256,896
350101,0,0,0,320,832
350134,0,0,0,576,576
350153,0,0,0,1088,64
350153,0,0,0,64,1088
350459,0,0,0,32,1120
350574,0,0,0,64,1088
350661,0,0,0,1088,64
350853,0,0,0,1008,144
351342,0,0,0,1088,64
351518,0,0,0,64,1088
351582,0,0,0,1088,64
351715,0,0,0,832,320
352210,0,0,0,744,408
352928,0,0,0,680,472
352929,0,0,0,744,408
353216,0,0,0,1000,152
353625,0,0,0,744,408
353645,0,0,0,488,664
355191,0,0,0,232,920
355284,0,0,0,488,664
355284,0,0,0,232,920
355386,0,0,0,488,664
355810,0,0,0,400,752
355811,0,0,0,488,664
356528,0,0,0,424,728
356529,0,0,0,488,664
359410,0,0,0,400,752
359411,0,0,0,488,664
360128,0,0,0,424,728
360129,0,0,0,488,664
363010,0,0,0,400,752
363011,0,0,0,488,664
363728,0,0,0,424,728
363729,0,0,0,488,664
364083,0,0,0,744,408
366610,0,0,0,656,496
366611,0,0,0,744,408
367328,0,0,0,680,472
367329,0,0,0,744,408
370210,0,0,0,656,496
370211,0,0,0,744,408
370928,0,0,0,680,472
370929,0,0,0,744,408
373810,0,0,0,656,496
373811,0,0,0,744,408
374528,0,0,0,680,472
374529,0,0,0,744,408
377077,0,0,0,808,344
377410,0,0,0,720,432
377411,0,0,0,808,344
381010,0,0,0,720,432
381011,0,0,0,808,344
384610,0,0,0,720,432
384611,0,0,0,808,344
387986,0,0,0,1064,88
388210,0,0,0,976,176
388211,0,0,0,1064,88
391810,0,0,0,976,176
391811,0,0,0,1064,88
395410,0,0,0,976,176
395411,0,0,0,1064,88
399010,0,0,0,976,176
399011,0,0,0,1064,88
400194,0,0,0,1152,0
443818,0,0,0,1144,8
443998,0,0,0,1152,0
444335,0,0,0,1088,64
447935,0,0,0,1024,128
447936,0,0,0,1088,64
450405,0,0,0,1080,72
450465,0,0,0,56,1096
450497,0,0,0,64,1088
451307,0,0,0,1088,64
451535,0,0,0,1024,128
451536,0,0,0,1088,64
455135,0,0,0,1024,128
455136,0,0,0,1088,64
458735,0,0,0,1024,128
458736,0,0,0,1088,64
462335,0,0,0,1024,128
462336,0,0,0,1088,64
465935,0,0,0,1024,128
465936,0,0,0,1088,64
469535,0,0,0,1024,128
469536,0,0,0,1088,64
473135,0,0,0,1024,128
473136,0,0,0,1088,64
476735,0,0,0,1024,128
476736,0,0,0,1088,64
480335,0,0,0,1024,128
480336,0,0,0,1088,64
483935,0,0,0,1024,128
483936,0,0,0,1088,64
486152,0,0,0,1152,0
513168,0,0,0,896,256
513228,0,0,0,1152,0
613892,0,0,0,1024,128
613957,0,0,0,1152,0
614418,0,0,0,1024,128
614424,0,0,0,896,256
614429,0,0,0,768,384
614518,0,0,0,896,256
614643,0,0,0,1024,128
614661,0,0,0,1152,0
614768,0,0,0,1024,128
614833,0,0,0,1152,0
615223,0,0,0,1024,128
615289,0,0,0,1152,0
620025,0,0,0,1024,128
620031,0,0,0,896,256
620037,0,0,0,768,384
620042,0,0,0,640,512
620047,0,0,0,512,640
620052,0,0,0,384,768
620057,0,0,0,256,896
620119,0,0,0,384,768
620122,0,0,0,512,640
620132,0,0,0,640,512
620135,0,0,0,768,384
620141,0,0,0,896,256
620142,0,0,0,1024,128
620343,0,0,0,1152,0
620474,0,0,0,1112,40
620572,0,0,0,1104,48
620584,0,0,0,1096,56
620596,0,0,0,72,1080
620736,0,0,0,1096,56
620736,0,0,0,72,1080
620736,0,0,0,64,1088
620736,0,0,0,56,1096
620736,0,0,0,40,1112
620736,0,0,0,24,1128
620802,0,0,0,1048,104
620802,0,0,0,920,232
620802,0,0,0,792,360
620802,0,0,0,536,616
620802,0,0,0,280,872
620802,0,0,0,248,904
620802,0,0,0,216,936
620802,0,0,0,152,1000
620802,0,0,0,88,1064
620881,0,0,0,96,1056
620898,0,0,0,104,1048
621052,0,0,0,112,1040
621055,0,0,0,120,1032
621056,0,0,0,40,1112
621070,0,0,0,56,1096
621083,0,0,0,72,1080
621147,0,0,0,136,1016
621150,0,0,0,168,984
621163,0,0,0,232,920
621188,0,0,0,488,664
621263,0,0,0,616,536
621268,0,0,0,648,504
621274,0,0,0,904,248
621275,0,0,0,1032,120
621275,0,0,0,8,1144
621275,0,0,0,0,1152
621340,0,0,0,1024,128
621340,0,0,0,928,224
621340,0,0,0,920,232
621340,0,0,0,912,240
621340,0,0,0,904,248
621340,0,0,0,888,264
621340,0,0,0,872,280
621340,0,0,0,616,536
621340,0,0,0,584,568
621340,0,0,0,552,600
621340,0,0,0,504,648
621340,0,0,0,440,712
621340,0,0,0,376,776
621390,0,0,0,384,768
621396,0,0,0,392,760
621401,0,0,0,400,752
621407,0,0,0,416,736
621407,0,0,0,480,672
621409,0,0,0,544,608
621411,0,0,0,560,592
621413,0,0,0,656,496
621414,0,0,0,912,240
621415,0,0,0,960,192
621419,0,0,0,992,160
621420,0,0,0,1000,152
621426,0,0,0,1032,120
621646,0,0,0,1072,80
621706,0,0,0,1152,0
622005,0,0,0,896,256
623344,0,0,0,1152,0
623584,0,0,0,1024,128
625389,0,0,0,1152,0
626353,0,0,0,1024,128
627439,0,0,0,512,640
628346,0,0,0,496,656
628390,0,0,0,472,680
628949,0,0,0,984,168
629765,0,0,0,1000,152
629870,0,0,0,1024,128
629950,0,0,0,960,192
629968,0,0,0,896,256
631150,0,0,0,880,272
631672,0,0,0,864,288
632034,0,0,0,880,272
632109,0,0,0,872,280
632186,0,0,0,864,288
632319,0,0,0,856,296
632384,0,0,0,920,232
632400,0,0,0,984,168
632572,0,0,0,1000,152
632637,0,0,0,1008,144
632793,0,0,0,1016,136
632797,0,0,0,984,168
632868,0,0,0,960,192
632896,0,0,0,992,160
633242,0,0,0,960,192
633281,0,0,0,968,184
633341,0,0,0,1000,152
633644,0,0,0,992,160
633779,0,0,0,1016,136
633862,0,0,0,1024,128
633924,0,0,0,1008,144
634019,0,0,0,992,160
634165,0,0,0,1008,144
634802,0,0,0,984,168
635996,0,0,0,1000,152
636796,0,0,0,1024,128
637268,0,0,0,1008,144
637847,0,0,0,1136,16
640617,0,0,0,1152,0
652226,0,0,0,896,256
652262,0,0,0,1152,0
652368,0,0,0,896,256
652410,0,0,0,1152,0
681572,0,0,0,1144,8
681610,0,0,0,1152,0
681805,0,0,0,1144,8
681881,0,0,0,1136,16
681939,0,0,0,1128,24
681995,0,0,0,1120,32
682119,0,0,0,1104,48
682197,0,0,0,1072,80
682213,0,0,0,1080,72
682256,0,0,0,1088,64
682263,0,0,0,1024,128
682265,0,0,0,1040,112
682297,0,0,0,1072,80
682342,0,0,0,1136,16
682357,0,0,0,1008,144
682408,0,0,0,944,208
682422,0,0,0,1072,80
682480,0,0,0,1136,16
682487,0,0,0,1104,48
682488,0,0,0,1112,40
682577,0,0,0,1144,8
682607,0,0,0,1136,16
682650,0,0,0,1128,24
682678,0,0,0,1120,32
682786,0,0,0,1128,24
682973,0,0,0,1136,16
683006,0,0,0,1144,8
683294,0,0,0,1152,0
683411,0,0,0,1120,32
683605,0,0,0,1152,0
683916,0,0,0,1024,128
684078,0,0,0,1152,0
684256,0,0,0,1024,128
684321,0,0,0,1008,144
684323,0,0,0,1136,16
684449,0,0,0,1152,0
684461,0,0,0,592,560
684937,0,0,0,584,568
685500,0,0,0,1144,8
686448,0,0,0,1152,0
686944,0,0,0,1144,8
687097,0,0,0,1016,136
687164,0,0,0,1144,8
687200,0,0,0,1016,136
687264,0,0,0,1144,8
687314,0,0,0,1112,40
687404,0,0,0,1144,8
687498,0,0,0,632,520
687515,0,0,0,120,1032
687719,0,0,0,56,1096
687793,0,0,0,120,1032
687979,0,0,0,632,520
688031,0,0,0,1144,8
688090,0,0,0,1128,24
688216,0,0,0,1144,8
688453,0,0,0,1152,0
690265,0,0,0,752,400
690332,0,0,0,1152,0
690414,0,0,0,672,480
690481,0,0,0,1152,0
690587,0,0,0,592,560
690657,0,0,0,1152,0
691135,0,0,0,568,584
691205,0,0,0,1152,0
691447,0,0,0,576,576
691520,0,0,0,1152,0
691574,0,0,0,584,568
691643,0,0,0,1152,0
695947,0,0,0,568,584
696196,0,0,0,1152,0
696467,0,0,0,1144,8
696725,0,0,0,632,520
696737,0,0,0,120,1032
696777,0,0,0,128,1024
697191,0,0,0,640,512
697191,0,0,0,480,672
697191,0,0,0,400,752
697191,0,0,0,392,760
697240,0,0,0,904,248
697380,0,0,0,984,168
697402,0,0,0,1144,8
697489,0,0,0,904,248
697575,0,0,0,680,472
697651,0,0,0,472,680
697715,0,0,0,480,672
697721,0,0,0,720,432
697802,0,0,0,944,208
697866,0,0,0,1152,0
698750,0,0,0,560,592
698999,0,0,0,336,816
699058,0,0,0,928,224
699165,0,0,0,920,232
699221,0,0,0,1144,8
700304,0,0,0,1136,16
700316,0,0,0,1016,136
700456,0,0,0,1024,128
700511,0,0,0,1144,8
700674,0,0,0,1152,0
700786,0,0,0,992,160
700820,0,0,0,832,320
700827,0,0,0,672,480
701004,0,0,0,832,320
701038,0,0,0,992,160
701044,0,0,0,1152,0
702381,0,0,0,1144,8
702690,0,0,0,664,488
702898,0,0,0,152,1000
702910,0,0,0,632,520
702969,0,0,0,1144,8
703334,0,0,0,632,520
703363,0,0,0,552,600
703556,0,0,0,632,520
703583,0,0,0,640,512
703597,0,0,0,1152,0
703766,0,0,0,640,512
703767,0,0,0,632,520
703775,0,0,0,568,584
703956,0,0,0,632,520
704037,0,0,0,1144,8
704638,0,0,0,1016,136
704814,0,0,0,416,736
704969,0,0,0,424,728
705115,0,0,0,1024,128
708444,0,0,0,224,928
709146,0,0,0,1024,128
711425,0,0,0,192,960
713323,0,0,0,1024,128
713772,0,0,0,192,960
715246,0,0,0,1024,128
715583,0,0,0,192,960
716251,0,0,0,320,832
720980,0,0,0,304,848
721035,0,0,0,320,832
721476,0,0,0,1152,0
721798,0,0,0,320,832
721861,0,0,0,1152,0
721870,0,0,0,320,832
722845,0,0,0,304,848
723034,0,0,0,320,832
728949,0,0,0,1152,0
728949,0,0,0,320,832
731095,0,0,0,1152,0
731095,0,0,0,320,832
738921,0,0,0,1152,0
762488,0,0,0,352,800
762613,0,0,0,1152,0
763306,0,0,0,352,800
763399,0,0,0,1152,0
766657,0,0,0,896,256
767244,0,0,0,64,1088
769116,0,0,0,896,256
770387,0,0,0,880,272
770523,0,0,0,896,256
771116,0,0,0,880,272
771243,0,0,0,896,256
771548,0,0,0,880,272
771669,0,0,0,896,256
778253,0,0,0,888,264
778303,0,0,0,896,256
778319,0,0,0,888,264
778358,0,0,0,896,256
778664,0,0,0,880,272
778702,0,0,0,896,256
779624,0,0,0,888,264
779666,0,0,0,896,256
787400,0,0,0,1152,0
787400,0,0,0,248,904
789255,0,0,0,1152,0
796032,0,0,0,640,512
796184,0,0,0,1152,0
813776,0,0,0,240,912
815621,0,0,0,1152,0
815661,0,0,0,240,912
817547,0,0,0,1152,0
817547,0,0,0,240,912
822947,0,0,0,1152,0
846878,0,0,0,1144,8
847123,0,0,0,1152,0
847428,0,0,0,1144,8
847825,0,0,0,1152,0
848406,0,0,0,1024,128
848477,0,0,0,200,952
848549,0,0,0,1024,128
848663,0,0,0,1152,0
850642,0,0,0,1144,8
850821,0,0,0,1152,0
850928,0,0,0,1136,16
850967,0,0,0,1152,0
851115,0,0,0,1136,16
851154,0,0,0,1152,0
851277,0,0,0,1144,8
851309,0,0,0,1152,0
851331,0,0,0,1144,8
851371,0,0,0,1152,0
851406,0,0,0,1144,8
851465,0,0,0,1136,16
851489,0,0,0,1128,24
851490,0,0,0,1136,16
851521,0,0,0,1120,32
851548,0,0,0,1128,24
851655,0,0,0,1144,8
851750,0,0,0,1152,0
851806,0,0,0,1144,8
851855,0,0,0,1016,136
851881,0,0,0,1024,128
852061,0,0,0,960,192
852113,0,0,0,1024,128
852311,0,0,0,1152,0
854939,0,0,0,1024,128
854958,0,0,0,24,1128
855096,0,0,0,16,1136
855181,0,0,0,24,1128
855434,0,0,0,152,1000
855901,0,0,0,24,1128
856060,0,0,0,152,1000
856393,0,0,0,24,1128
856841,0,0,0,152,1000
856841,0,0,0,24,1128
856841,0,0,0,8,1144
856972,0,0,0,0,1152
857013,0,0,0,128,1024
857015,0,0,0,136,1016
857212,0,0,0,1136,16
857343,0,0,0,1128,24
857375,0,0,0,1136,16
857422,0,0,0,1008,144
857680,0,0,0,880,272
857684,0,0,0,896,256
857853,0,0,0,1024,128
857868,0,0,0,1152,0
857942,0,0,0,1088,64
858094,0,0,0,1152,0
858100,0,0,0,1136,16
858783,0,0,0,1112,40
859264,0,0,0,984,168
859317,0,0,0,1112,40
859320,0,0,0,1128,24
859678,0,0,0,1152,0
860071,0,0,0,1128,24
860123,0,0,0,1112,40
860177,0,0,0,1128,24
860961,0,0,0,1120,32
860989,0,0,0,1144,8
861587,0,0,0,1128,24
862220,0,0,0,96,1056
862349,0,0,0,1128,24
862465,0,0,0,1144,8
862488,0,0,0,96,1056
862553,0,0,0,1144,8
862579,0,0,0,96,1056
862649,0,0,0,1144,8
862893,0,0,0,1152,0
863879,0,0,0,1144,8
864260,0,0,0,1152,0
865198,0,0,0,1136,16
865253,0,0,0,1152,0
865345,0,0,0,1136,16
865583,0,0,0,1152,0
866360,0,0,0,1120,32
866409,0,0,0,1152,0
866813,0,0,0,1144,8
866880,0,0,0,1136,16
866905,0,0,0,1104,48
866915,0,0,0,1112,40
867024,0,0,0,984,168
867052,0,0,0,728,424
867094,0,0,0,720,432
867124,0,0,0,728,424
867242,0,0,0,712,440
867298,0,0,0,728,424
867306,0,0,0,720,432
867324,0,0,0,728,424
867486,0,0,0,736,416
868405,0,0,0,728,424
868471,0,0,0,760,392
868518,0,0,0,752,400
868544,0,0,0,1008,144
868560,0,0,0,1016,136
868623,0,0,0,1024,128
868740,0,0,0,1152,0
868889,0,0,0,1144,8
868931,0,0,0,1152,0
871012,0,0,0,1088,64
871550,0,0,0,1152,0
875416,0,0,0,1144,8
875503,0,0,0,1152,0
878264,0,0,0,384,768
878374,0,0,0,1152,0
879081,0,0,0,1024,128
879571,0,0,0,1152,0
880209,0,0,0,1144,8
880764,0,0,0,48,1104
880776,0,0,0,56,1096
882039,0,0,0,24,1128
882139,0,0,0,56,1096
883056,0,0,0,1152,0
884363,0,0,0,1144,8
884408,0,0,0,1080,72
884487,0,0,0,1088,64
885661,0,0,0,1152,0
885882,0,0,0,640,512
886311,0,0,0,1152,0
887078,0,0,0,640,512
887138,0,0,0,1152,0
887283,0,0,0,1088,64
887457,0,0,0,1152,0
887466,0,0,0,40,1112
889761,0,0,0,1152,0
889761,0,0,0,40,1112
892103,0,0,0,1152,0
892103,0,0,0,1024,128
892155,0,0,0,1152,0
892346,0,0,0,640,512
892677,0,0,0,0,1152
892776,0,0,0,512,640
897486,0,0,0,448,704
897535,0,0,0,512,640
898202,0,0,0,448,704
898252,0,0,0,512,640
898511,0,0,0,448,704
898560,0,0,0,512,640
899059,0,0,0,480,672
899114,0,0,0,512,640
900025,0,0,0,384,768
900033,0,0,0,256,896
900038,0,0,0,128,1024
900044,0,0,0,0,1152
900083,0,0,0,128,1024
900083,0,0,0,64,1088
900083,0,0,0,0,1152
900133,0,0,0,64,1088
900133,0,0,0,128,1024
900133,0,0,0,64,1088
900133,0,0,0,0,1152
900185,0,0,0,64,1088
900185,0,0,0,32,1120
900185,0,0,0,0,1152
900234,0,0,0,32,1120
900234,0,0,0,0,1152
900257,0,0,0,128,1024
900257,0,0,0,96,1056
900257,0,0,0,80,1072
900257,0,0,0,64,1088
900257,0,0,0,48,1104
900257,0,0,0,32,1120
900257,0,0,0,24,1128
900275,0,0,0,152,1000
900305,0,0,0,168,984
900305,0,0,0,184,968
900307,0,0,0,216,936
900322,0,0,0,248,904
900343,0,0,0,376,776
900357,0,0,0,440,712
900441,0,0,0,456,696
900507,0,0,0,464,688
900526,0,0,0,496,656
900634,0,0,0,512,640
901909,0,0,0,384,768
901916,0,0,0,256,896
901923,0,0,0,128,1024
901930,0,0,0,0,1152
901963,0,0,0,128,1024
901963,0,0,0,0,1152
901978,0,0,0,128,1024
901978,0,0,0,0,1152
902015,0,0,0,128,1024
902015,0,0,0,0,1152
902207,0,0,0,128,1024
902207,0,0,0,0,1152
902211,0,0,0,128,1024
902211,0,0,0,0,1152
902257,0,0,0,128,1024
902257,0,0,0,0,1152
902259,0,0,0,128,1024
902259,0,0,0,0,1152
902299,0,0,0,128,1024
902299,0,0,0,0,1152
902308,0,0,0,128,1024
902308,0,0,0,0,1152
902311,0,0,0,128,1024
902311,0,0,0,0,1152
902351,0,0,0,128,1024
902351,0,0,0,0,1152
902362,0,0,0,128,1024
902362,0,0,0,0,1152
902405,0,0,0,128,1024
902487,0,0,0,256,896
902588,0,0,0,384,768
902745,0,0,0,512,640
903016,0,0,0,0,1152
903093,0,0,0,512,640
903093,0,0,0,384,768
903145,0,0,0,512,640
910587,0,0,0,1152,0
934751,0,0,0,1144,8
934811,0,0,0,1152,0
941075,0,0,0,1144,8
941677,0,0,0,1152,0
947833,0,0,0,1088,64
947879,0,0,0,1024,128
947882,0,0,0,1088,64
947930,0,0,0,1152,0
947965,0,0,0,1088,64
948014,0,0,0,1152,0
948215,0,0,0,1088,64
948264,0,0,0,1152,0
948298,0,0,0,1088,64
948346,0,0,0,1152,0
948830,0,0,0,1088,64
948879,0,0,0,1152,0
951260,0,0,0,1144,8
951307,0,0,0,1152,0
963753,0,0,0,1136,16
963769,0,0,0,1120,32
963781,0,0,0,1104,48
963927,0,0,0,1088,64
963953,0,0,0,1056,96
963990,0,0,0,1072,80
964006,0,0,0,1104,48
964020,0,0,0,1040,112
964072,0,0,0,1104,48
964201,0,0,0,1096,56
964207,0,0,0,1088,64
964224,0,0,0,1080,72
964236,0,0,0,952,200
964241,0,0,0,944,208
964246,0,0,0,928,224
964251,0,0,0,912,240
964256,0,0,0,656,496
964260,0,0,0,400,752
964265,0,0,0,368,784
964270,0,0,0,336,816
964322,0,0,0,368,784
964508,0,0,0,376,776
964541,0,0,0,384,768
964561,0,0,0,392,760
964582,0,0,0,408,744
964590,0,0,0,424,728
964605,0,0,0,456,696
964627,0,0,0,464,688
964690,0,0,0,592,560
964690,0,0,0,80,1072
964725,0,0,0,336,816
964769,0,0,0,592,560
964769,0,0,0,80,1072
964769,0,0,0,16,1136
964996,0,0,0,32,1120
965143,0,0,0,544,608
965143,0,0,0,480,672
965143,0,0,0,472,680
965143,0,0,0,464,688
965143,0,0,0,456,696
965143,0,0,0,448,704
965143,0,0,0,432,720
965143,0,0,0,416,736
965143,0,0,0,160,992
965143,0,0,0,128,1024
965143,0,0,0,96,1056
965205,0,0,0,104,1048
965213,0,0,0,112,1040
965213,0,0,0,128,1024
965219,0,0,0,160,992
965219,0,0,0,192,960
965228,0,0,0,208,944
965233,0,0,0,464,688
965234,0,0,0,472,680
965246,0,0,0,536,616
965246,0,0,0,24,1128
965273,0,0,0,32,1120
965304,0,0,0,544,608
965304,0,0,0,496,656
965304,0,0,0,432,720
965304,0,0,0,368,784
965328,0,0,0,880,272
965370,0,0,0,928,224
965373,0,0,0,992,160
965378,0,0,0,1056,96
965622,0,0,0,1120,32
965853,0,0,0,1136,16
965883,0,0,0,1152,0
970090,0,0,0,1120,32
970143,0,0,0,1152,0
977353,0,0,0,1144,8
977382,0,0,0,1152,0
977959,0,0,0,1144,8
978037,0,0,0,1152,0
981309,0,0,0,1144,8
981504,0,0,0,1152,0
981852,0,0,0,1088,64
981910,0,0,0,1152,0
982272,0,0,0,1144,8
982306,0,0,0,1080,72
982359,0,0,0,1144,8
982926,0,0,0,1152,0
983681,0,0,0,1088,64
983685,0,0,0,1024,128
983813,0,0,0,1088,64
983824,0,0,0,1152,0
984038,0,0,0,640,512
984318,0,0,0,624,528
984434,0,0,0,640,512
984514,0,0,0,576,576
984588,0,0,0,640,512
984957,0,0,0,512,640
985023,0,0,0,640,512
985378,0,0,0,384,768
985549,0,0,0,896,256
985578,0,0,0,768,384
985583,0,0,0,640,512
985790,0,0,0,512,640
985796,0,0,0,384,768
985801,0,0,0,256,896
985807,0,0,0,128,1024
985813,0,0,0,0,1152
986839,0,0,0,256,896
986839,0,0,0,128,1024
986916,0,0,0,256,896
986937,0,0,0,384,768
987131,0,0,0,512,640
987146,0,0,0,640,512
987148,0,0,0,768,384
987148,0,0,0,896,256
987165,0,0,0,1024,128
988166,0,0,0,1152,0
989835,0,0,0,1136,16
989880,0,0,0,1120,32
990812,0,0,0,1136,16
991978,0,0,0,1152,0
999469,0,0,0,1120,32
999594,0,0,0,1152,0
1.00093e+06,0,0,0,1144,8
1.00124e+06,0,0,0,1136,16
1.00153e+06,0,0,0,1128,24
1.00453e+06,0,0,0,1120,32
1.00454e+06,0,0,0,1128,24
1.00484e+06,0,0,0,1120,32
1.00484e+06,0,0,0,1128,24
1.00513e+06,0,0,0,1120,32
1.00513e+06,0,0,0,1128,24
1.00813e+06,0,0,0,1120,32
1.00814e+06,0,0,0,1128,24
1.00844e+06,0,0,0,1120,32
1.00844e+06,0,0,0,1128,24
1.00873e+06,0,0,0,1120,32
1.00873e+06,0,0,0,1128,24
1.01173e+06,0,0,0,1120,32
1.01174e+06,0,0,0,1128,24
1.01204e+06,0,0,0,1120,32
1.01204e+06,0,0,0,1128,24
1.01233e+06,0,0,0,1120,32
1.01233e+06,0,0,0,1128,24
1.01376e+06,0,0,0,1120,32
1.01379e+06,0,0,0,1128,24
1.01533e+06,0,0,0,1120,32
1.01534e+06,0,0,0,1128,24
1.01564e+06,0,0,0,1120,32
1.01564e+06,0,0,0,1128,24
1.01593e+06,0,0,0,1120,32
1.01593e+06,0,0,0,1128,24
1.01611e+06,0,0,0,1112,40
1.01613e+06,0,0,0,1096,56
1.01708e+06,0,0,0,1112,40
1.01826e+06,0,0,0,1128,24
1.01846e+06,0,0,0,1112,40
1.01876e+06,0,0,0,1128,24
1.01893e+06,0,0,0,1120,32
1.01894e+06,0,0,0,1128,24
1.01924e+06,0,0,0,1120,32
1.01924e+06,0,0,0,1128,24
1.01953e+06,0,0,0,1120,32
1.01953e+06,0,0,0,1128,24
1.02072e+06,0,0,0,1120,32
1.02078e+06,0,0,0,1128,24
1.02116e+06,0,0,0,1120,32
1.02117e+06,0,0,0,1112,40
1.02119e+06,0,0,0,1104,48
1.02119e+06,0,0,0,976,176
1.02121e+06,0,0,0,968,184
1.02121e+06,0,0,0,952,200
1.02122e+06,0,0,0,936,216
1.02122e+06,0,0,0,680,472
1.02123e+06,0,0,0,424,728
1.02123e+06,0,0,0,392,760
1.02124e+06,0,0,0,360,792
1.02129e+06,0,0,0,616,536
1.02129e+06,0,0,0,104,1048
1.02148e+06,0,0,0,112,1040
1.02153e+06,0,0,0,120,1032
1.02155e+06,0,0,0,136,1016
1.02157e+06,0,0,0,168,984
1.02158e+06,0,0,0,176,976
1.02158e+06,0,0,0,184,968
1.02161e+06,0,0,0,200,952
1.02168e+06,0,0,0,456,696
1.02169e+06,0,0,0,584,568
1.02169e+06,0,0,0,72,1080
1.02169e+06,0,0,0,8,1144
1.0217e+06,0,0,0,40,1112
1.02172e+06,0,0,0,552,600
1.0221e+06,0,0,0,1064,88
1.02213e+06,0,0,0,1128,24
1.02253e+06,0,0,0,1120,32
1.02254e+06,0,0,0,1128,24
1.02284e+06,0,0,0,1120,32
1.02284e+06,0,0,0,1128,24
1.02313e+06,0,0,0,1120,32
1.02313e+06,0,0,0,1128,24
1.02344e+06,0,0,0,1120,32
1.02376e+06,0,0,0,1128,24
1.02385e+06,0,0,0,1120,32
1.02391e+06,0,0,0,1112,40
1.02391e+06,0,0,0,1016,136
1.02392e+06,0,0,0,1008,144
1.02392e+06,0,0,0,880,272
1.02392e+06,0,0,0,872,280
1.02393e+06,0,0,0,864,288
1.02393e+06,0,0,0,856,296
1.02393e+06,0,0,0,848,304
1.02394e+06,0,0,0,720,432
1.02394e+06,0,0,0,712,440
1.02394e+06,0,0,0,584,568
1.02394e+06,0,0,0,568,584
1.02395e+06,0,0,0,560,592
1.02395e+06,0,0,0,544,608
1.02395e+06,0,0,0,528,624
1.02396e+06,0,0,0,512,640
1.02396e+06,0,0,0,256,896
1.02397e+06,0,0,0,224,928
1.02399e+06,0,0,0,320,832
1.02399e+06,0,0,0,64,1088
1.02399e+06,0,0,0,32,1120
1.02399e+06,0,0,0,40,1112
1.02399e+06,0,0,0,168,984
1.024e+06,0,0,0,176,976
1.02401e+06,0,0,0,184,968
1.02402e+06,0,0,0,200,952
1.02403e+06,0,0,0,216,936
1.02403e+06,0,0,0,472,680
1.02403e+06,0,0,0,216,936
1.02403e+06,0,0,0,184,968
1.02404e+06,0,0,0,192,960
1.02405e+06,0,0,0,224,928
1.02406e+06,0,0,0,256,896
1.02422e+06,0,0,0,264,888
1.02423e+06,0,0,0,272,880
1.02425e+06,0,0,0,280,872
1.02427e+06,0,0,0,288,864
1.02434e+06,0,0,0,544,608
1.02434e+06,0,0,0,32,1120
1.02434e+06,0,0,0,0,1152
1.02439e+06,0,0,0,16,1136
1.02441e+06,0,0,0,144,1008
1.02441e+06,0,0,0,96,1056
1.02443e+06,0,0,0,112,1040
1.02443e+06,0,0,0,240,912
1.02447e+06,0,0,0,288,864
1.02448e+06,0,0,0,320,832
1.02453e+06,0,0,0,832,320
1.02453e+06,0,0,0,320,832
1.02453e+06,0,0,0,256,896
1.02453e+06,0,0,0,512,640
1.02453e+06,0,0,0,0,1152
1.0246e+06,0,0,0,64,1088
1.0246e+06,0,0,0,0,1152
1.02467e+06,0,0,0,64,1088
1.02467e+06,0,0,0,0,1152
1.02469e+06,0,0,0,32,1120
1.02489e+06,0,0,0,544,608
1.02489e+06,0,0,0,480,672
1.02489e+06,0,0,0,464,688
1.02489e+06,0,0,0,336,816
1.02489e+06,0,0,0,320,832
1.02489e+06,0,0,0,312,840
1.02493e+06,0,0,0,304,848
1.02495e+06,0,0,0,816,336
1.0251e+06,0,0,0,880,272
1.02531e+06,0,0,0,888,264
1.02533e+06,0,0,0,952,200
1.02546e+06,0,0,0,960,192
1.02579e+06,0,0,0,952,200
1.0258e+06,0,0,0,968,184
1.02581e+06,0,0,0,976,176
1.02583e+06,0,0,0,984,168
1.02596e+06,0,0,0,976,176
1.02613e+06,0,0,0,968,184
1.02614e+06,0,0,0,976,176
1.02629e+06,0,0,0,984,168
1.02644e+06,0,0,0,976,176
1.02644e+06,0,0,0,984,168
1.02666e+06,0,0,0,1112,40
1.02667e+06,0,0,0,1104,48
1.02673e+06,0,0,0,1096,56
1.02673e+06,0,0,0,1104,48
1.0269e+06,0,0,0,1120,32
1.02699e+06,0,0,0,1112,40
1.02714e+06,0,0,0,1120,32
1.02749e+06,0,0,0,1112,40
1.02751e+06,0,0,0,984,168
1.02752e+06,0,0,0,856,296
1.02755e+06,0,0,0,792,360
1.02756e+06,0,0,0,728,424
1.02764e+06,0,0,0,736,416
1.02775e+06,0,0,0,864,288
1.02778e+06,0,0,0,992,160
1.02778e+06,0,0,0,984,168
1.02787e+06,0,0,0,1048,104
1.02791e+06,0,0,0,1112,40
1.02793e+06,0,0,0,1120,32
1.02799e+06,0,0,0,1128,24
1.02804e+06,0,0,0,1120,32
1.02818e+06,0,0,0,1128,24
1.02973e+06,0,0,0,1120,32
1.02974e+06,0,0,0,1128,24
1.03004e+06,0,0,0,1120,32
1.03004e+06,0,0,0,1128,24
1.03033e+06,0,0,0,1120,32
1.03033e+06,0,0,0,1128,24
1.03039e+06,0,0,0,136,1016
1.03244e+06,0,0,0,104,1048
1.03245e+06,0,0,0,1096,56
1.03245e+06,0,0,0,104,1048
1.0325e+06,0,0,0,136,1016
1.03255e+06,0,0,0,1128,24
1.03333e+06,0,0,0,1120,32
1.03334e+06,0,0,0,1128,24
1.03364e+06,0,0,0,1120,32
1.03364e+06,0,0,0,1128,24
1.03393e+06,0,0,0,1120,32
1.03393e+06,0,0,0,1128,24
1.0347e+06,0,0,0,120,1032
1.03503e+06,0,0,0,56,1096
1.03531e+06,0,0,0,120,1032
1.03547e+06,0,0,0,72,1080
1.03595e+06,0,0,0,64,1088
1.03643e+06,0,0,0,72,1080
1.0367e+06,0,0,0,1080,72
1.03683e+06,0,0,0,1072,80
1.03683e+06,0,0,0,1064,88
1.03685e+06,0,0,0,1056,96
1.03685e+06,0,0,0,928,224
1.03686e+06,0,0,0,800,352
1.03686e+06,0,0,0,792,360
1.03687e+06,0,0,0,800,352
1.03687e+06,0,0,0,784,368
1.03687e+06,0,0,0,768,384
1.03688e+06,0,0,0,512,640
1.03689e+06,0,0,0,480,672
1.0369e+06,0,0,0,448,704
1.03691e+06,0,0,0,384,768
1.03692e+06,0,0,0,320,832
1.03692e+06,0,0,0,448,704
1.03693e+06,0,0,0,576,576
1.03693e+06,0,0,0,592,560
1.03693e+06,0,0,0,584,568
1.03694e+06,0,0,0,592,560
1.03696e+06,0,0,0,656,496
1.0371e+06,0,0,0,640,512
1.03712e+06,0,0,0,624,528
1.03713e+06,0,0,0,632,520
1.03713e+06,0,0,0,616,536
1.03715e+06,0,0,0,600,552
1.03716e+06,0,0,0,608,544
1.03719e+06,0,0,0,616,536
1.0372e+06,0,0,0,632,520
1.03722e+06,0,0,0,888,264
1.03723e+06,0,0,0,920,232
1.03724e+06,0,0,0,912,240
1.03724e+06,0,0,0,920,232
1.03725e+06,0,0,0,952,200
1.03727e+06,0,0,0,1016,136
1.0373e+06,0,0,0,1008,144
1.03732e+06,0,0,0,992,160
1.03734e+06,0,0,0,984,168
1.03738e+06,0,0,0,1000,152
1.0374e+06,0,0,0,1008,144
1.03747e+06,0,0,0,1024,128
1.03753e+06,0,0,0,1016,136
1.03753e+06,0,0,0,1024,128
1.03762e+06,0,0,0,1008,144
1.03786e+06,0,0,0,1000,152
1.03793e+06,0,0,0,1016,136
1.038e+06,0,0,0,1032,120
1.03835e+06,0,0,0,1048,104
1.03873e+06,0,0,0,1040,112
1.03874e+06,0,0,0,1032,120
1.03876e+06,0,0,0,1024,128
1.03877e+06,0,0,0,896,256
1.03878e+06,0,0,0,768,384
1.03878e+06,0,0,0,760,392
1.03879e+06,0,0,0,744,408
1.0388e+06,0,0,0,728,424
1.03881e+06,0,0,0,472,680
1.03881e+06,0,0,0,216,936
1.03882e+06,0,0,0,184,968
1.03882e+06,0,0,0,152,1000
1.03904e+06,0,0,0,160,992
1.03905e+06,0,0,0,168,984
1.03908e+06,0,0,0,176,976
1.0391e+06,0,0,0,184,968
1.03913e+06,0,0,0,312,840
1.03913e+06,0,0,0,328,824
1.03914e+06,0,0,0,344,808
1.03914e+06,0,0,0,472,680
1.03915e+06,0,0,0,504,648
1.03916e+06,0,0,0,760,392
1.03916e+06,0,0,0,248,904
1.03918e+06,0,0,0,264,888
1.03918e+06,0,0,0,296,856
1.03918e+06,0,0,0,552,600
1.03918e+06,0,0,0,40,1112
1.03951e+06,0,0,0,552,600
1.03951e+06,0,0,0,488,664
1.03951e+06,0,0,0,424,728
1.03951e+06,0,0,0,360,792
1.03951e+06,0,0,0,352,800
1.03969e+06,0,0,0,864,288
1.03973e+06,0,0,0,768,384
1.03974e+06,0,0,0,640,512
1.03974e+06,0,0,0,512,640
1.03975e+06,0,0,0,504,648
1.03975e+06,0,0,0,376,776
1.03976e+06,0,0,0,368,784
1.03976e+06,0,0,0,240,912
1.03976e+06,0,0,0,304,848
1.03976e+06,0,0,0,296,856
1.03977e+06,0,0,0,168,984
1.03977e+06,0,0,0,160,992
1.03977e+06,0,0,0,32,1120
1.03978e+06,0,0,0,16,1136
1.03981e+06,0,0,0,112,1040
1.03982e+06,0,0,0,240,912
1.03982e+06,0,0,0,112,1040
1.03982e+06,0,0,0,96,1056
1.03984e+06,0,0,0,104,1048
1.03984e+06,0,0,0,112,1040
1.03985e+06,0,0,0,120,1032
1.03986e+06,0,0,0,184,968
1.03986e+06,0,0,0,56,1096
1.03986e+06,0,0,0,72,1080
1.03987e+06,0,0,0,136,1016
1.03987e+06,0,0,0,8,1144
1.03989e+06,0,0,0,16,1136
1.0399e+06,0,0,0,32,1120
1.03994e+06,0,0,0,160,992
1.03996e+06,0,0,0,168,984
1.04001e+06,0,0,0,296,856
1.04001e+06,0,0,0,40,1112
1.04001e+06,0,0,0,8,1144
1.04004e+06,0,0,0,136,1016
1.04004e+06,0,0,0,104,1048
1.04004e+06,0,0,0,232,920
1.04005e+06,0,0,0,360,792
1.04005e+06,0,0,0,488,664
1.04009e+06,0,0,0,744,408
1.04009e+06,0,0,0,232,920
1.04009e+06,0,0,0,184,968
1.04009e+06,0,0,0,120,1032
1.04009e+06,0,0,0,56,1096
1.0401e+06,0,0,0,88,1064
1.0401e+06,0,0,0,24,1128
1.0401e+06,0,0,0,152,1000
1.0401e+06,0,0,0,88,1064
1.0401e+06,0,0,0,24,1128
1.04013e+06,0,0,0,152,1000
1.04013e+06,0,0,0,88,1064
1.04013e+06,0,0,0,24,1128
1.04013e+06,0,0,0,56,1096
1.04017e+06,0,0,0,120,1032
1.04017e+06,0,0,0,56,1096
1.04018e+06,0,0,0,104,1048
1.04018e+06,0,0,0,40,1112
1.04018e+06,0,0,0,104,1048
1.04018e+06,0,0,0,40,1112
1.04018e+06,0,0,0,8,1144
1.04018e+06,0,0,0,520,632
1.04018e+06,0,0,0,488,664
1.04018e+06,0,0,0,456,696
1.04018e+06,0,0,0,424,728
1.04018e+06,0,0,0,392,760
1.04018e+06,0,0,0,360,792
1.04018e+06,0,0,0,328,824
1.04018e+06,0,0,0,296,856
1.04018e+06,0,0,0,280,872
1.04018e+06,0,0,0,264,888
1.04018e+06,0,0,0,248,904
1.04018e+06,0,0,0,232,920
1.04018e+06,0,0,0,216,936
1.04018e+06,0,0,0,200,952
1.04018e+06,0,0,0,184,968
1.04018e+06,0,0,0,168,984
1.04018e+06,0,0,0,152,1000
1.04018e+06,0,0,0,144,1008
1.04018e+06,0,0,0,136,1016
1.04018e+06,0,0,0,128,1024
1.04018e+06,0,0,0,120,1032
1.04018e+06,0,0,0,112,1040
1.04018e+06,0,0,0,104,1048
1.04018e+06,0,0,0,96,1056
1.04018e+06,0,0,0,88,1064
1.0402e+06,0,0,0,152,1000
1.04021e+06,0,0,0,216,936
1.04023e+06,0,0,0,280,872
1.04027e+06,0,0,0,288,864
1.04028e+06,0,0,0,352,800
1.04028e+06,0,0,0,416,736
1.04028e+06,0,0,0,480,672
1.04031e+06,0,0,0,512,640
1.04031e+06,0,0,0,544,608
1.04031e+06,0,0,0,576,576
1.04031e+06,0,0,0,608,544
1.04031e+06,0,0,0,640,512
1.04032e+06,0,0,0,672,480
1.04035e+06,0,0,0,736,416
1.04036e+06,0,0,0,800,352
1.04036e+06,0,0,0,816,336
1.04036e+06,0,0,0,832,320
1.04036e+06,0,0,0,848,304
1.04037e+06,0,0,0,864,288
1.04037e+06,0,0,0,880,272
1.04037e+06,0,0,0,896,256
1.04037e+06,0,0,0,912,240
1.04043e+06,0,0,0,920,232
1.04043e+06,0,0,0,928,224
1.04043e+06,0,0,0,936,216
1.04043e+06,0,0,0,944,208
1.04043e+06,0,0,0,952,200
1.04044e+06,0,0,0,984,168
1.04047e+06,0,0,0,1016,136
1.0405e+06,0,0,0,1032,120
1.04053e+06,0,0,0,1024,128
1.04054e+06,0,0,0,1032,120
1.04057e+06,0,0,0,1048,104
1.04063e+06,0,0,0,1056,96
1.04063e+06,0,0,0,1064,88
1.04064e+06,0,0,0,1072,80
1.04084e+06,0,0,0,1064,88
1.04084e+06,0,0,0,1072,80
1.04095e+06,0,0,0,1064,88
1.04113e+06,0,0,0,1056,96
1.04113e+06,0,0,0,1064,88
1.04133e+06,0,0,0,1056,96
1.04142e+06,0,0,0,1064,88
1.04171e+06,0,0,0,40,1112
1.04187e+06,0,0,0,32,1120
1.04188e+06,0,0,0,1056,96
1.04197e+06,0,0,0,1048,104
1.042e+06,0,0,0,1056,96
1.04211e+06,0,0,0,1064,88
1.04212e+06,0,0,0,936,216
1.04217e+06,0,0,0,928,224
1.04219e+06,0,0,0,1056,96
1.04237e+06,0,0,0,1064,88
1.04252e+06,0,0,0,1072,80
1.04257e+06,0,0,0,1056,96
1.0426e+06,0,0,0,992,160
1.04264e+06,0,0,0,976,176
1.04268e+06,0,0,0,1040,112
1.04299e+06,0,0,0,1032,120
1.04315e+06,0,0,0,1040,112
1.04347e+06,0,0,0,1056,96
1.04359e+06,0,0,0,1064,88
1.04385e+06,0,0,0,1080,72
1.04423e+06,0,0,0,1064,88
1.04444e+06,0,0,0,1056,96
1.04444e+06,0,0,0,1064,88
1.04458e+06,0,0,0,1080,72
1.0446e+06,0,0,0,1088,64
1.04473e+06,0,0,0,1080,72
1.04473e+06,0,0,0,1088,64
1.04505e+06,0,0,0,1080,72
1.04526e+06,0,0,0,1088,64
1.04538e+06,0,0,0,1136,16
1.04585e+06,0,0,0,1128,24
1.04589e+06,0,0,0,1096,56
1.0459e+06,0,0,0,1080,72
1.04595e+06,0,0,0,1088,64
1.04603e+06,0,0,0,1056,96
1.04605e+06,0,0,0,1040,112
1.04606e+06,0,0,0,1032,120
1.04608e+06,0,0,0,1024,128
1.04615e+06,0,0,0,1056,96
1.04619e+06,0,0,0,1064,88
1.0462e+06,0,0,0,1072,80
1.04623e+06,0,0,0,1088,64
1.04624e+06,0,0,0,1120,32
1.04624e+06,0,0,0,1136,16
1.04665e+06,0,0,0,1104,48
1.0467e+06,0,0,0,1136,16
1.04679e+06,0,0,0,1104,48
1.04684e+06,0,0,0,1136,16
1.04713e+06,0,0,0,1120,32
1.04734e+06,0,0,0,1104,48
1.0474e+06,0,0,0,1120,32
1.04765e+06,0,0,0,1136,16
1.04767e+06,0,0,0,1120,32
1.04794e+06,0,0,0,1136,16
1.04819e+06,0,0,0,1120,32
1.04822e+06,0,0,0,1104,48
1.04824e+06,0,0,0,1120,32
1.04833e+06,0,0,0,1112,40
1.04833e+06,0,0,0,1120,32
1.04854e+06,0,0,0,1136,16
1.04893e+06,0,0,0,1128,24
1.04946e+06,0,0,0,616,536
1.04955e+06,0,0,0,624,528
1.05193e+06,0,0,0,616,536
1.05193e+06,0,0,0,624,528
1.05306e+06,0,0,0,112,1040
1.05306e+06,0,0,0,624,528
1.05335e+06,0,0,0,632,520
1.05666e+06,0,0,0,120,1032
1.05666e+06,0,0,0,632,520
1.05912e+06,0,0,0,600,552
1.05918e+06,0,0,0,632,520
1.05937e+06,0,0,0,600,552
1.05977e+06,0,0,0,536,616
1.06026e+06,0,0,0,24,1128
1.06026e+06,0,0,0,536,616
1.06292e+06,0,0,0,544,608
1.06386e+06,0,0,0,1056,96
1.06386e+06,0,0,0,256,896
1.06473e+06,0,0,0,248,904
1.06477e+06,0,0,0,256,896
1.0658e+06,0,0,0,160,992
1.06601e+06,0,0,0,72,1080
1.06623e+06,0,0,0,8,1144
1.06665e+06,0,0,0,72,1080
1.06665e+06,0,0,0,8,1144
1.06675e+06,0,0,0,72,1080
1.06675e+06,0,0,0,8,1144
1.06686e+06,0,0,0,72,1080
1.06686e+06,0,0,0,8,1144
1.06696e+06,0,0,0,72,1080
1.06708e+06,0,0,0,168,984
1.06729e+06,0,0,0,256,896
1.07323e+06,0,0,0,320,832
1.07418e+06,0,0,0,256,896
1.07456e+06,0,0,0,160,992
1.07456e+06,0,0,0,192,960
1.07584e+06,0,0,0,288,864
1.08511e+06,0,0,0,1088,64
1.08511e+06,0,0,0,576,576
1.08511e+06,0,0,0,64,1088
1.08541e+06,0,0,0,128,1024
1.08871e+06,0,0,0,640,512
1.08871e+06,0,0,0,1152,0
1.08871e+06,0,0,0,640,512
1.08871e+06,0,0,0,128,1024
1.09231e+06,0,0,0,640,512
1.09231e+06,0,0,0,1152,0
1.09231e+06,0,0,0,640,512
1.09231e+06,0,0,0,128,1024
1.09591e+06,0,0,0,640,512
1.09591e+06,0,0,0,1152,0
1.09591e+06,0,0,0,640,512
1.09591e+06,0,0,0,576,576
1.09591e+06,0,0,0,64,1088
1.09951e+06,0,0,0,576,576
1.09951e+06,0,0,0,1088,64
1.09951e+06,0,0,0,576,576
1.09951e+06,0,0,0,64,1088
1.10298e+06,0,0,0,576,576
1.10298e+06,0,0,0,464,688
1.10304e+06,0,0,0,576,576
1.10312e+06,0,0,0,1088,64
1.10921e+06,0,0,0,1152,0
1.10962e+06,0,0,0,1088,64
1.1117e+06,0,0,0,1152,0
1.11205e+06,0,0,0,1144,8
1.11212e+06,0,0,0,1152,0
1.11231e+06,0,0,0,1136,16
1.11238e+06,0,0,0,1152,0
1.11288e+06,0,0,0,896,256
1.11333e+06,0,0,0,832,320
1.11335e+06,0,0,0,816,336
1.11336e+06,0,0,0,808,344
1.11336e+06,0,0,0,800,352
1.11337e+06,0,0,0,792,360
1.11344e+06,0,0,0,856,296
1.11359e+06,0,0,0,1112,40
1.11361e+06,0,0,0,1120,32
1.1139e+06,0,0,0,1136,16
1.11392e+06,0,0,0,1144,8
1.11393e+06,0,0,0,1056,96
1.11395e+06,0,0,0,1064,88
1.11459e+06,0,0,0,1032,120
1.1147e+06,0,0,0,1064,88
1.11486e+06,0,0,0,1000,152
1.11516e+06,0,0,0,1064,88
1.1158e+06,0,0,0,1152,0
1.11682e+06,0,0,0,1064,88
1.11682e+06,0,0,0,976,176
1.11738e+06,0,0,0,912,240
1.11776e+06,0,0,0,904,248
1.11859e+06,0,0,0,912,240
1.11863e+06,0,0,0,1000,152
1.11863e+06,0,0,0,1088,64
1.12134e+06,0,0,0,1000,152
1.12148e+06,0,0,0,968,184
1.12203e+06,0,0,0,1000,152
1.1226e+06,0,0,0,936,216
1.12273e+06,0,0,0,1000,152
1.1231e+06,0,0,0,992,160
1.12315e+06,0,0,0,1080,72
1.12335e+06,0,0,0,1088,64
1.12349e+06,0,0,0,1024,128
1.12362e+06,0,0,0,1088,64
1.12391e+06,0,0,0,1056,96
1.12403e+06,0,0,0,1024,128
1.12446e+06,0,0,0,1056,96
1.1245e+06,0,0,0,1048,104
1.12453e+06,0,0,0,1056,96
1.12457e+06,0,0,0,1088,64
1.12491e+06,0,0,0,1072,80
1.12498e+06,0,0,0,1088,64
1.12548e+06,0,0,0,1080,72
1.12551e+06,0,0,0,1088,64
1.12754e+06,0,0,0,1000,152
1.12761e+06,0,0,0,1088,64
1.12763e+06,0,0,0,992,160
1.1277e+06,0,0,0,1088,64
1.12817e+06,0,0,0,1024,128
1.12831e+06,0,0,0,1088,64
1.12833e+06,0,0,0,1056,96
1.12856e+06,0,0,0,1048,104
1.12869e+06,0,0,0,1040,112
1.12874e+06,0,0,0,1032,120
1.12884e+06,0,0,0,1024,128
1.12887e+06,0,0,0,1056,96
1.12926e+06,0,0,0,1000,152
1.12941e+06,0,0,0,1056,96
1.12988e+06,0,0,0,1064,88
1.13002e+06,0,0,0,1072,80
1.13006e+06,0,0,0,1080,72
1.13016e+06,0,0,0,1088,64
1.13045e+06,0,0,0,1000,152
1.13056e+06,0,0,0,1088,64
1.13098e+06,0,0,0,992,160
1.13108e+06,0,0,0,1088,64
1.13134e+06,0,0,0,1152,0
1.14068e+06,0,0,0,896,256
1.14591e+06,0,0,0,832,320
1.14591e+06,0,0,0,768,384
1.14592e+06,0,0,0,704,448
1.14593e+06,0,0,0,672,480
1.14594e+06,0,0,0,640,512
1.14594e+06,0,0,0,608,544
1.14596e+06,0,0,0,592,560
1.14596e+06,0,0,0,576,576
1.14597e+06,0,0,0,560,592
1.14598e+06,0,0,0,552,600
1.14599e+06,0,0,0,544,608
1.146e+06,0,0,0,536,616
1.14602e+06,0,0,0,600,552
1.14603e+06,0,0,0,664,488
1.14607e+06,0,0,0,696,456
1.14608e+06,0,0,0,728,424
1.14612e+06,0,0,0,632,520
1.14615e+06,0,0,0,648,504
1.14616e+06,0,0,0,664,488
1.14619e+06,0,0,0,728,424
1.14623e+06,0,0,0,744,408
1.14624e+06,0,0,0,752,400
1.14624e+06,0,0,0,784,368
1.14625e+06,0,0,0,792,360
1.14645e+06,0,0,0,800,352
1.1471e+06,0,0,0,1056,96
1.14781e+06,0,0,0,1152,0
1.14864e+06,0,0,0,1088,64
1.14877e+06,0,0,0,1152,0
1.15478e+06,0,0,0,1088,64
1.15483e+06,0,0,0,960,192
1.15492e+06,0,0,0,832,320
1.15496e+06,0,0,0,768,384
1.15506e+06,0,0,0,832,320
1.15524e+06,0,0,0,896,256
1.15528e+06,0,0,0,1024,128
1.15534e+06,0,0,0,1152,0
1.15697e+06,0,0,0,1088,64
1.17136e+06,0,0,0,1152,0
1.18497e+06,0,0,0,1144,8
1.185e+06,0,0,0,1152,0
1.18785e+06,0,0,0,1024,128
1.18786e+06,0,0,0,896,256
1.18949e+06,0,0,0,1024,128
1.19215e+06,0,0,0,1152,0
1.20018e+06,0,0,0,896,256
1.20378e+06,0,0,0,832,320
1.20391e+06,0,0,0,824,328
1.204e+06,0,0,0,832,320
1.20548e+06,0,0,0,768,384
1.20561e+06,0,0,0,832,320
1.20714e+06,0,0,0,824,328
1.20745e+06,0,0,0,832,320
1.20854e+06,0,0,0,824,328
1.20903e+06,0,0,0,832,320
1.20913e+06,0,0,0,824,328
1.2093e+06,0,0,0,832,320
1.20939e+06,0,0,0,736,416
1.21299e+06,0,0,0,640,512
1.21299e+06,0,0,0,736,416
1.21619e+06,0,0,0,992,160
1.21659e+06,0,0,0,896,256
1.21659e+06,0,0,0,992,160
1.21726e+06,0,0,0,1056,96
1.22019e+06,0,0,0,960,192
1.22019e+06,0,0,0,1056,96
1.22379e+06,0,0,0,960,192
1.22379e+06,0,0,0,1056,96
1.22739e+06,0,0,0,960,192
1.22739e+06,0,0,0,1056,96
1.23099e+06,0,0,0,960,192
1.23099e+06,0,0,0,1056,96
1.23459e+06,0,0,0,960,192
1.23459e+06,0,0,0,1056,96
1.23819e+06,0,0,0,960,192
1.23819e+06,0,0,0,1056,96
1.24179e+06,0,0,0,960,192
1.24179e+06,0,0,0,1056,96
1.24539e+06,0,0,0,960,192
1.24539e+06,0,0,0,1056,96
1.24899e+06,0,0,0,960,192
1.24899e+06,0,0,0,1056,96
1.25259e+06,0,0,0,960,192
1.25259e+06,0,0,0,1056,96
1.25619e+06,0,0,0,960,192
1.25619e+06,0,0,0,1056,96
1.25979e+06,0,0,0,960,192
1.25979e+06,0,0,0,1056,96
1.26339e+06,0,0,0,960,192
1.26339e+06,0,0,0,1056,96
1.26699e+06,0,0,0,960,192
1.26699e+06,0,0,0,1056,96
1.27059e+06,0,0,0,960,192
1.27059e+06,0,0,0,1056,96
1.27246e+06,0,0,0,1152,0
